{
    "NULL": {
        "effect1": {
            "effect": "Breathing",
            "color": "#ff0000",
            "brightness": 50,
            "direction": "forward",
            "devices": {
                "ENE DRAM | I2C: Intel(R) SMBus - 06A3, address 0x39": true,
                "ENE DRAM | I2C: Intel(R) SMBus - 06A3, address 0x3A": true,
                "EVGA GeForce RTX 3080Ti FTW3 Ultra Hydro Copper | I2C: NVidia NvAPI I2C on GPU 0, address 0x2D": true,
                "Logitech X56 Rhino Hotas Throttle | HID: \\\\?\\HID#VID_0738&PID_A221&MI_02#9&3a6629fb&0&0000#{4d1e55b2-f16f-11cf-88cb-001111000030}": true,
                "ASUS ROG MAXIMUS XII EXTREME | HID: \\\\?\\HID#VID_0B05&PID_18F3&MI_02#7&ca0c55&0&0000#{4d1e55b2-f16f-11cf-88cb-001111000030}": true,
                "Logitech G910 Orion Spectrum": true,
                "Logitech X56 Rhino Hotas Joystick | HID: \\\\?\\HID#VID_0738&PID_2221&MI_02#9&3a536e00&0&0000#{4d1e55b2-f16f-11cf-88cb-001111000030}": true,
                "Tunable RGB Gaming Mouse G502 | HID: \\\\?\\HID#VID_046D&PID_C332&MI_01&Col05#8&5c5cc5e&0&0004#{4d1e55b2-f16f-11cf-88cb-001111000030} (Receiver) \r\nWireless Index: 255": true
            }
        },
        "effect2": {}
    },
    "BattleStations": {
        "effect1": {
            "effect": "Breathing",
            "color": "#ff0000",
            "effect_switch_speed": 2000,
            "brightness": 100,
            "direction": "forward",
            "interval": 3500,
            "devices": {
                "ENE DRAM | I2C: Intel(R) SMBus - 06A3, address 0x39": true,
                "ENE DRAM | I2C: Intel(R) SMBus - 06A3, address 0x3A": true,
                "EVGA GeForce RTX 3080Ti FTW3 Ultra Hydro Copper | I2C: NVidia NvAPI I2C on GPU 0, address 0x2D": true,
                "Logitech X56 Rhino Hotas Throttle | HID: \\\\?\\HID#VID_0738&PID_A221&MI_02#9&3a6629fb&0&0000#{4d1e55b2-f16f-11cf-88cb-001111000030}": true,
                "ASUS ROG MAXIMUS XII EXTREME | HID: \\\\?\\HID#VID_0B05&PID_18F3&MI_02#7&ca0c55&0&0000#{4d1e55b2-f16f-11cf-88cb-001111000030}": true,
                "Logitech G910 Orion Spectrum": true,
                "Logitech X56 Rhino Hotas Joystick | HID: \\\\?\\HID#VID_0738&PID_2221&MI_02#9&3a536e00&0&0000#{4d1e55b2-f16f-11cf-88cb-001111000030}": true,
                "Tunable RGB Gaming Mouse G502 | HID: \\\\?\\HID#VID_046D&PID_C332&MI_01&Col05#8&5c5cc5e&0&0004#{4d1e55b2-f16f-11cf-88cb-001111000030} (Receiver) \r\nWireless Index: 255": true
            }
        },
        "effect2": {}
    },
    "Please select from list": {
        "effect1": {
            "effect": "Static",
            "color": "#ff0000",
            "effect_switch_speed": 1000,
            "brightness": 50,
            "direction": "forward",
            "interval": 3500,
            "devices": {
                "ENE DRAM | I2C: Intel(R) SMBus - 06A3, address 0x39": true,
                "ENE DRAM | I2C: Intel(R) SMBus - 06A3, address 0x3A": true,
                "EVGA GeForce RTX 3080Ti FTW3 Ultra Hydro Copper | I2C: NVidia NvAPI I2C on GPU 0, address 0x2D": true,
                "Logitech X56 Rhino Hotas Throttle | HID: \\\\?\\HID#VID_0738&PID_A221&MI_02#9&3a6629fb&0&0000#{4d1e55b2-f16f-11cf-88cb-001111000030}": true,
                "ASUS ROG MAXIMUS XII EXTREME | HID: \\\\?\\HID#VID_0B05&PID_18F3&MI_02#7&ca0c55&0&0000#{4d1e55b2-f16f-11cf-88cb-001111000030}": true,
                "Logitech G910 Orion Spectrum": true,
                "Logitech X56 Rhino Hotas Joystick | HID: \\\\?\\HID#VID_0738&PID_2221&MI_02#9&3a536e00&0&0000#{4d1e55b2-f16f-11cf-88cb-001111000030}": true,
                "Tunable RGB Gaming Mouse G502 | HID: \\\\?\\HID#VID_046D&PID_C332&MI_01&Col05#8&5c5cc5e&0&0004#{4d1e55b2-f16f-11cf-88cb-001111000030} (Receiver) \r\nWireless Index: 255": true
            }
        },
        "effect2": {
            "effect_enabled": true,
            "effect": "Breathing",
            "color": "#0000ff",
            "effect_switch_speed": 1000,
            "brightness": 50,
            "direction": "forward",
            "interval": 3500,
            "devices": {
                "ENE DRAM | I2C: Intel(R) SMBus - 06A3, address 0x39": true,
                "ENE DRAM | I2C: Intel(R) SMBus - 06A3, address 0x3A": true,
                "EVGA GeForce RTX 3080Ti FTW3 Ultra Hydro Copper | I2C: NVidia NvAPI I2C on GPU 0, address 0x2D": true,
                "Logitech X56 Rhino Hotas Throttle | HID: \\\\?\\HID#VID_0738&PID_A221&MI_02#9&3a6629fb&0&0000#{4d1e55b2-f16f-11cf-88cb-001111000030}": true,
                "ASUS ROG MAXIMUS XII EXTREME | HID: \\\\?\\HID#VID_0B05&PID_18F3&MI_02#7&ca0c55&0&0000#{4d1e55b2-f16f-11cf-88cb-001111000030}": true,
                "Logitech G910 Orion Spectrum": true,
                "Logitech X56 Rhino Hotas Joystick | HID: \\\\?\\HID#VID_0738&PID_2221&MI_02#9&3a536e00&0&0000#{4d1e55b2-f16f-11cf-88cb-001111000030}": true,
                "Tunable RGB Gaming Mouse G502 | HID: \\\\?\\HID#VID_046D&PID_C332&MI_01&Col05#8&5c5cc5e&0&0004#{4d1e55b2-f16f-11cf-88cb-001111000030} (Receiver) \r\nWireless Index: 255": true
            }
        }
    }
}