{
  "version": "8.1.4",
  "files_to_update": [
    {
      "path": "EDC_EagleXRGB_Connector.exe",
      "action": "replace"
    },
	{
      "path": "EagleXRGB_Updater.exe",
      "action": "update"
    },
    {
      "path": "EagleXRGB_import_cert.bat",
      "action": "replace"
    },
    {
      "path": "EagleXRGB_version.json",
      "action": "replace"
    }
  ],
  "folders_to_update": [
    {
      "path": "_internal",
      "action": "merge"
    },
    {
      "path": "icons",
      "action": "create_if_not_exists"
    },
    {
      "path": "images",
      "action": "create_if_not_exists"
    },
    {
      "path": "config",
      "action": "create_if_not_exists"
    }
  ],
  "files_to_remove": [
  "EagleXRGB_update_info.json"
  ],
  "folders_to_remove": [
    "EagleXRGB_update"
  ]
}